max(page),target
https://www.factorybuys.com.au/products/euro-top-mattress-king,Factory Buys 32cm Euro Top Mattress - King
https://dunlin.com.au/products/beadlight-cirrus,Beadlight Cirrus LED Reading Light
https://themodern.net.au/products/hamar-plant-stand-ash,Hamar Plant Stand Ash
https://furniturefetish.com.au/products/oslo-office-chair-white,Oslo Office Chair White
https://hemisphereliving.com.au/products/,Products
https://home-buy.com.au/products/bridger-pendant-larger-lamp-metal-brass,Bridger Pendant Larger Lamp Metal Brass
https://interiorsonline.com.au/products/interiors-online-gift-card,Interiors Online Gift Card
https://beckurbanfurniture.com.au/products/page/2/,
https://livingedge.com.au/products/tables/dining,"Linear Wood Table, Saarinen Dining Table, Oval, Midst Round Dining Table, Circular Dining Table, Slab Dining Table, Round, Bigfoot™ Table, Bell Dining Table, Melt Dining Table, Double Bell Dining Table, Lamina Dining Table, Platner Dining Table, Nelson™ Swag Leg Dining Table, Rectangular, Saarinen Dining Table, Round, Base Table, Palisade Dining Table, Sunday Dining Table, Spoke Dining Table, Eclipse Dining Table, Florence Knoll Dining Table, Rectangle, Eclipso Cafe Table, Bicorn Cafe Table, Groove Table, Oval, Hiroki Table, Officina Table"
https://edenliving.online/collections/summerloving/products/nice-lounge-1,Nice Lounge 1
https://www.ourfurniturewarehouse.com.au/products/athens-3pce-lounge-includes-2x-armless-3-seater-and-corner-ottoman-in-grey-storm-fabric?_pos=1&_sid=9f9ca4320&_ss=r,Athens 3Pce Lounge Includes 2X Armless 3 Seater And Corner Ottoman In Grey Storm Fabric
https://cane-line.co.uk/collections/news-2020/products/breeze-sunbed-5569,Breeze Sunbed 5569
https://haute-living.com/products/beam-desk,Beam Desk
https://www.knoll.com/design-plan/products/by-designer/knoll,Knoll
https://www.balirepublic.com.au/products/fabric-cleaner,Click here to enter
https://vastinterior.com.au/products/samson-daybed-single-2,Samson Daybed Single
https://www.hudsonfurniture.com.au/products/string-weave-timber-stool,String weave timber stool
https://premiumpatio.com.au/products/outdoor-tables/page/3/,
https://dhfonline.com/products/gift-card,"Gift Card, ELLIS OVAL MIRROR, ANETA ROUND MIRROR, DONNA'S SIGNATURE DIFFUSER REFILL, 4X4 SQUARE CANDLE DONNA'S SIGNATURE SCENT, DIFFUSER DONNA'S SIGNATURE SCENT"
https://furnish123watertown.com/products/,Products
https://www.tandemarbor.com/products/kaiser-box-bed-blush-plush-velvet,Custom Furniture
https://www.perchfurniture.com/products/hoyt-chair,Hoyt Chair
http://www.vawayside.net/store/products/tag/beds,Beds
https://curiousgrace.com.au/products/cleo-desk-lamp,Click here to enter
https://modshop1.com/collections/amalfi/products/amalfi-3-door-credenza,Amalfi 3 Door Credenza
https://www.scandesign.com/products/pavia-sectional-ivory,Pavia Sectional Ivory
https://www.sofamania.com/products/carl-victorian-inspired-velvet-button-detail-vanity-accent-stool,Carl Victorian Inspired Velvet Button Detail Vanity Accent Stool
https://www.fentonandfenton.com.au/products/gift-card&media=http://cdn.shopify.com/s/files/1/1909/9637/products/GiftVouchers_Product_1024x1024.jpg&description=Gift%20Card%20%23Art-Lover%20%23Birthday%20%23Colour-Lover,Giftvouchers Product 1024X1024.Jpg&Description=Gift%20Card%20%23Art Lover%20%23Birthday%20%23Colour Lover
https://4-chairs.com/products/mason-chair,Mason Chair
https://www.theinside.com/products/x-bench-onyx-austin-stripe-by-old-world-weavers/PTM_XBench_OnyxAustinStripeByOldWorldWeavers,Ptm Xbench Onyxaustinstripebyoldworldweavers
https://stationfurniture.store/products/milano,Milano
https://pinchdesign.com/products/yves-desk,"Skip to content, Doyle desk, Menton inlaid leather desk, Lana dressing table II, Lyle console, Rodan console"
https://www.do-shop.com/products/gift-card,Gift Voucher
https://claytongrayhome.com/products/palecek-coco-ruffle-mirror,Skip to content
https://dfohome.com/products/patio-furniture/swings/all-swings,Home Products Patio Furniture Swings
https://acmeshelving.com/collections/signs/products/sale,Sale
https://www.kmpfurniture.com/fire_collection/products/beds_80.html,Beds 80
https://www.jseitz.com/products/buddha,Buddha
https://www.furnitureworldgalleries.com/products/,Products
https://www.homekoncepts.com/products/furniture/tables/end-tables/,End Tables
https://cityfurnitureshop.com/collections/greenington/products/azara-bed,Azara Bed
https://www.theguestroomfurniture.com/products/,Quality Home Furniture
https://www.danishinspirations.com/products/products/bedroom/page/3/,"MARCO High Chest, MARCO King Bed, MARCO Queen Bed, MARCO Right Nightstand, MARINI Mirror, MARTI Double Dresser Grey, MARTI Double Dresser Walnut, Marti High Chest Grey, MARTI High Chest Walnut, MARTI King Bed Grey, MARTI King Bed Walnut, Marti Nightstand Grey, MARTI Nightstand Walnut, MARTI Queen Bed Grey, MARTI Queen Bed Walnut, MOTA King Bed"
https://columbineshowroom.com/products/,Products
https://emfurn.com/products/aaron-sofa,Aaron Sofa
https://fmvegas.com/products/carlo-dresser,Carlo Dresser
https://nicoyafurniture.com.au/products/playa-bowl,Playa Bowl
https://galvinbrothers.co.uk/products/alfandbud,"(Perfectly) Imperfect Stool, Cutler's Stool, (Completely) Imperfect Side Table, Bobbin Side Table, Polygon Pedestal Lamp Table, Polygon Pedestal Side Table, Fluted Sideboard, Bridle Mirror (Round), Furniture Care Kit, (New) Octagon Side Table, NEW NARRATIVES: BOBBIN CONSOLE"
https://tyfinefurniture.com/products/enso-platform-bed,Enso Platform Bed
https://24estyle.com/products/eliza-fan,Eliza Fan
https://shopspencerfurnituresiouxfalls.com/products/glass-lamp,Glass Lamp
https://bryantscountrystore.com/products/deli-sandwich-carryout,Deli Sandwich Carryout
https://vincentdesign.com.au/products/spaltekanden-big-white,Spaltekanden Big White
https://magnolialane.biz/products/anika-cushion,Anika Cushion
https://blupeter.com.au/products/tulip-object,Tulip Object
https://www.cranmorehome.com.au/products/gift-card,GIFT CARD
https://www.vavoom.com.au/products/ebony-chest,"Skip to content, Gift Cards Available"
https://www.goodwoodfurniture.com.au/products/wardrobes/colonial-robe/,Colonial Robe
https://valentinesfurniture.com.au/products/,Products
https://www.loungesplus.com.au/products/baird-fabric-lounge-package,Fabric Lounges
https://www.yellowleafhammocks.com/products/hammock-gift-card,"Give a Gift Card: Any Size! Gift Card: $50, Give a Gift Card: Any Size! Gift Card: $100, Give a Gift Card: Any Size! Gift Card: $200, Give a Gift Card: Any Size! Gift Card: $400, Give a Gift Card: Any Size! Gift Card: $500, Give a Gift Card: Any Size! Gift Card: $600, Give a Gift Card: Any Size! Big Bundle Gift Card: $1,000"
https://asplundstore.se/products/fish-bricka,Fish Bricka
https://distinctive-interiors.com/products/,Products
https://runyonsfinefurniture.com/products/alf-bar-stool,Alf Bar Stool
https://www.comfortfurniture.com.sg/sale/products/office,"SLUMBER BUNDLE, Anata Highback Office Chair - Grey Fabric, Apex Workstation / Study Table - W1200, Apex Workstation / Study Table - W1500, Apex Workstation / Study Table - W1800, Boost Rect Folding Seminar Table - W1200 (Nestable), Boost Rect Folding Seminar Table - W1500 (Nestable), Butcher x Tito Height Adjustable Sit Stand Table - W1200, Butcher x Tito Height Adjustable Sit Stand Table - W1500, Butcher x Tito Height Adjustable Sit Stand Table - W1800, Dan Mobile Pedestal - 2 + 1 Drawers - Mini Size - Black - V1, Dan Mobile Pedestal - 2 + 1 Drawers - Standard Size - Black - V1, Dynamo Training Armchair w/ Castors & Tablet (Nestable), Dynamo Training Armchair w/ Castors (Nestable), Eam Heat Pressed Midback Office Chair - Dark Blue Faux Leather, Hancisco Visitor/Training Armchair – Cantilevered, Kasa Midback Office Chair, Lami x Tito Height Adjustable Sit Stand Table - W1200 - Black Legs, Lami x Tito Height Adjustable Sit Stand Table - W1200 - White Legs, Lami x Tito Height Adjustable Sit Stand Table - W1500 - Black Legs, Lami x Tito Height Adjustable Sit Stand Table - W1500 - White Legs, Lami x Tito Height Adjustable Sit Stand Table - W1800 - Black Legs, Lami x Tito Height Adjustable Sit Stand Table - W1800 - White Legs, Leon Training Armchair w/ Castors (Nestable), Madeline Foldable Portable Table - W1500, Madeline Foldable Portable Table - W1800, Pash Rect Folding Seminar Table - W1800 (Nestable), Rib L-Shaped Acoustic Screen - PET, Stellar Highback Office Chair - Black, Stellar Highback Office Chair - White, Stellar Midback Office Chair - Black, Stellar Midback Office Chair - White, Velo Dual-Sided Height Adjustable Sit Stand Table - W1400, Yuti Training Side Chair w/ Castors (Nestable)"
https://karladubois.com/products/wooster-convertible-crib,Wooster Convertible Crib
https://brownsquirrelfurniture.com/furniture/rest-bedrooms/rest-beds/sleep-queen/products/laurel-sleigh/,Laurel Sleigh
https://viesso.com/products/haru-bed,Haru Bed
https://floydhome.com/products/the-floyd-hat,The Floyd Hat
https://www.mybudgetfurniture.com/products/3pc-sectional,3Pc Sectional
https://www.fiveelementsfurniture.com/collections/sola-office-collection/products/sola-lift-desk,Sola Lift Desk
https://www.fads.co.uk/products/living/sofas/sofa-beds/,Sofa Beds
https://test-danish-inspirations.pantheonsite.io/products/products/bedroom/page/3/,
https://www.hipvan.com/products/sleep-mattress?ref=nav_dropdown,SLEEP Mattress
https://dev-danish-inspirations.pantheonsite.io/products/products/bedroom/page/3/,
https://houseofhollingsworthblog.com/products/locker,Locker
https://www.wardrobe-bunk-bed-sofa.uk/products/wardrobe-ava-4-3,Wardrobe Ava 4 3
https://dwell.co.uk/products/sleep/type/bed/,Bed
https://www.hopewells.co.uk/products/living-dining/sofas-chairs/tetrad/tetrad-patna-chair,Tetrad Patna Chair
https://kokocollective.com.au/products/esme-natural-rattan-day-bed,Esme Natural Rattan Day Bed
https://www.timothyoulton.com/products/living/sectional-sofas,Sectional Sofas
https://www.warmnordic.com/global/products/news,News
https://www.royaloakfurniture.co.uk/products/pop-bench,Arncliffe Pop Bench
https://mulamu.com/products/membership,MEMBERSHIP
http://www.genesisfurniturelv.com/products/,Products
https://daufurniture.com/products/style/transitional/dana-upholstered-bed/,Dana Upholstered Bed
https://www.waynesfinefurnitureandbedding.com/search/products/?s=power+recliners&pp=120,Products
https://theodores.com/products/,Products
https://www.theoakfurnitureshop.com/products/country-trend-solid-oak-tv-stand-51/,Country Trend Solid Oak Tv Stand 51
https://totalpatioaccessories.com/products/product07,Product07
https://www.groensfinefurniture.com/products/Miscellaneous/misc/394554.html,394554
https://yesterdaystreefurniture.com/products/gifts/,Gifts
https://www.jensen-lewis.com/products/guardsman-gold-complete-plan,Guardsman Gold Complete Plus Plan
https://www.popandscott.com/products/raffia-sun,Raffia Sun
https://shophorne.com/products/sarpaneva-cast-iron-casserole,Sarpaneva Cast Iron Casserole
https://cultdesign.co.nz/products/molloy-chair,Molloy Chair
https://www.gloster.com/en/products/materials/teak,Outdoor Furniture Materials - Teak Collections - Gloster
https://thebrick.com/products/tacoma-chest,Tacoma Chest
https://capsulehome.com/products/frey-sofa'%3EFrey%20Sofa%3C/a%3E%20and%20I%20wanted%20to%20share%20it%20with%20you,A%3E%20And%20I%20Wanted%20To%20Share%20It%20With%20You
https://www.altamodafurniture.com/products/Woodworks/ca_ww/3701npt.html,3701Npt
