max(page),target,available
https://www.factorybuys.com.au/products/euro-top-mattress-king,Factory Buys 32cm Euro Top Mattress - King,True
https://dunlin.com.au/products/beadlight-cirrus,Beadlight Cirrus LED Reading Light,True
https://themodern.net.au/products/hamar-plant-stand-ash,Hamar Plant Stand - Ash,True
https://furniturefetish.com.au/products/oslo-office-chair-white,,False
https://hemisphereliving.com.au/products/,,False
https://home-buy.com.au/products/bridger-pendant-larger-lamp-metal-brass,,False
https://interiorsonline.com.au/products/interiors-online-gift-card,"$50 RJ Living Gift Card, $100 RJ Living Gift Card, $200 RJ Living Gift Card, $400 RJ Living Gift Card, $500 RJ Living Gift Card, $1000 RJ Living Gift Card",True
https://beckurbanfurniture.com.au/products/page/2/,,False
https://livingedge.com.au/products/tables/dining,"Linear Wood Table, Saarinen Dining Table, Oval, Midst Round Dining Table, Circular Dining Table, Slab Dining Table, Round, Bigfoot™ Table, Bell Dining Table, Melt Dining Table, Double Bell Dining Table, Lamina Dining Table, Platner Dining Table, Nelson™ Swag Leg Dining Table, Rectangular, Saarinen Dining Table, Round, Base Table, Palisade Dining Table, Sunday Dining Table, Spoke Dining Table, Eclipse Dining Table, Florence Knoll Dining Table, Rectangle, Eclipso Cafe Table, Bicorn Cafe Table, Groove Table, Oval, Hiroki Table, Officina Table",True
https://edenliving.online/collections/summerloving/products/nice-lounge-1,,False
https://www.ourfurniturewarehouse.com.au/products/athens-3pce-lounge-includes-2x-armless-3-seater-and-corner-ottoman-in-grey-storm-fabric?_pos=1&_sid=9f9ca4320&_ss=r,,False
https://cane-line.co.uk/collections/news-2020/products/breeze-sunbed-5569,,False
https://haute-living.com/products/beam-desk,,False
https://www.knoll.com/design-plan/products/by-designer/knoll,,False
https://www.balirepublic.com.au/products/fabric-cleaner,,True
https://vastinterior.com.au/products/samson-daybed-single-2,Samson Daybed Single,True
https://www.hudsonfurniture.com.au/products/string-weave-timber-stool,String weave timber stool,True
https://premiumpatio.com.au/products/outdoor-tables/page/3/,,False
https://dhfonline.com/products/gift-card,Gift Card,True
https://furnish123watertown.com/products/,,False
https://www.tandemarbor.com/products/kaiser-box-bed-blush-plush-velvet,The Kaiser Box Bed Blush Plush Velvet,True
https://www.perchfurniture.com/products/hoyt-chair,Hoyt Chair,True
http://www.vawayside.net/store/products/tag/beds,,False
https://curiousgrace.com.au/products/cleo-desk-lamp,,True
https://modshop1.com/collections/amalfi/products/amalfi-3-door-credenza,,False
https://www.scandesign.com/products/pavia-sectional-ivory,,True
https://www.sofamania.com/products/carl-victorian-inspired-velvet-button-detail-vanity-accent-stool,,False
https://www.fentonandfenton.com.au/products/gift-card&media=http://cdn.shopify.com/s/files/1/1909/9637/products/GiftVouchers_Product_1024x1024.jpg&description=Gift%20Card%20%23Art-Lover%20%23Birthday%20%23Colour-Lover,,True
https://4-chairs.com/products/mason-chair,,True
https://www.theinside.com/products/x-bench-onyx-austin-stripe-by-old-world-weavers/PTM_XBench_OnyxAustinStripeByOldWorldWeavers,"Custom Upholstered Ottomans, X Bench, Skirted Storage Ottoman, Drum Ottoman, Parsons Ottoman, Waterfall Ottoman, Cube Ottoman",True
https://stationfurniture.store/products/milano,,True
https://pinchdesign.com/products/yves-desk,Yves desk,True
https://www.do-shop.com/products/gift-card,Gift Voucher,True
https://claytongrayhome.com/products/palecek-coco-ruffle-mirror,,False
https://dfohome.com/products/patio-furniture/swings/all-swings,Home Products Patio Furniture Swings,True
https://acmeshelving.com/collections/signs/products/sale,,False
https://www.kmpfurniture.com/fire_collection/products/beds_80.html,,False
https://www.jseitz.com/products/buddha,,False
https://www.furnitureworldgalleries.com/products/,,True
https://www.homekoncepts.com/products/furniture/tables/end-tables/,,False
https://cityfurnitureshop.com/collections/greenington/products/azara-bed,,True
https://www.theguestroomfurniture.com/products/,Quality Home Furniture,True
https://www.danishinspirations.com/products/products/bedroom/page/3/,"MARCO High Chest, MARCO King Bed, MARCO Queen Bed, MARCO Right Nightstand, MARINI Mirror, MARTI Double Dresser Grey, MARTI Double Dresser Walnut, Marti High Chest Grey, MARTI High Chest Walnut, MARTI King Bed Grey, MARTI King Bed Walnut, Marti Nightstand Grey, MARTI Nightstand Walnut, MARTI Queen Bed Grey, MARTI Queen Bed Walnut, MOTA King Bed",True
https://columbineshowroom.com/products/,,True
https://emfurn.com/products/aaron-sofa,,True
https://fmvegas.com/products/carlo-dresser,,False
https://nicoyafurniture.com.au/products/playa-bowl,,False
https://galvinbrothers.co.uk/products/alfandbud,"(Perfectly) Imperfect Stool, Cutler's Stool, (Completely) Imperfect Side Table, Bobbin Side Table, Polygon Pedestal Lamp Table, Polygon Pedestal Side Table, Fluted Sideboard, Bridle Mirror (Round), Furniture Care Kit, (New) Octagon Side Table, NEW NARRATIVES: BOBBIN CONSOLE",True
https://tyfinefurniture.com/products/enso-platform-bed,Enso Platform Bed Cherry,True
https://24estyle.com/products/eliza-fan,,True
https://shopspencerfurnituresiouxfalls.com/products/glass-lamp,,False
https://bryantscountrystore.com/products/deli-sandwich-carryout,,False
https://vincentdesign.com.au/products/spaltekanden-big-white,,True
https://magnolialane.biz/products/anika-cushion," Lumière Round Chandelier, Beach Five Door Curved-End TV Unit, Bulu two door cabinet, Amalfi Outdoor Parasol, Fontaine Dining Table in solid American Oak, Fontaine Counter Stool with half-moon curved back and metal legs, Harbour Island Slim Outdoor Sunlounger in Grade A teak with white Sunbrella cushion, Harbour Island Outdoor Coffee Table – oversize low, Harbour Island Outdoor Coffee Table – High",False
https://blupeter.com.au/products/tulip-object,,False
https://www.cranmorehome.com.au/products/gift-card,GIFT CARD,True
https://www.vavoom.com.au/products/ebony-chest,Gift Cards,True
https://www.goodwoodfurniture.com.au/products/wardrobes/colonial-robe/,Colonial Robe,True
https://valentinesfurniture.com.au/products/,"Emily, Milan Sofa, Hartford, Nordic 11 Recliner",True
https://www.loungesplus.com.au/products/baird-fabric-lounge-package,Fabric Lounges,True
https://www.yellowleafhammocks.com/products/hammock-gift-card,"Give a Gift Card: Any Size! Gift Card: $50, Give a Gift Card: Any Size! Gift Card: $100, Give a Gift Card: Any Size! Gift Card: $200, Give a Gift Card: Any Size! Gift Card: $400, Give a Gift Card: Any Size! Gift Card: $500, Give a Gift Card: Any Size! Gift Card: $600, Give a Gift Card: Any Size! Big Bundle Gift Card: $1,000",True
https://asplundstore.se/products/fish-bricka,Fish bricka vit,True
https://distinctive-interiors.com/products/,,False
https://runyonsfinefurniture.com/products/alf-bar-stool,,False
https://www.comfortfurniture.com.sg/sale/products/office,"SLUMBER BUNDLE, Anata Highback Office Chair - Grey Fabric, Apex Workstation / Study Table - W1200, Apex Workstation / Study Table - W1500, Apex Workstation / Study Table - W1800, Boost Rect Folding Seminar Table - W1200 (Nestable), Boost Rect Folding Seminar Table - W1500 (Nestable), Butcher x Tito Height Adjustable Sit Stand Table - W1200, Butcher x Tito Height Adjustable Sit Stand Table - W1500, Butcher x Tito Height Adjustable Sit Stand Table - W1800, Dan Mobile Pedestal - 2 + 1 Drawers - Mini Size - Black - V1, Dan Mobile Pedestal - 2 + 1 Drawers - Standard Size - Black - V1, Dynamo Training Armchair w/ Castors & Tablet (Nestable), Dynamo Training Armchair w/ Castors (Nestable), Eam Heat Pressed Midback Office Chair - Dark Blue Faux Leather, Hancisco Visitor/Training Armchair – Cantilevered, Kasa Midback Office Chair, Lami x Tito Height Adjustable Sit Stand Table - W1200 - Black Legs, Lami x Tito Height Adjustable Sit Stand Table - W1200 - White Legs, Lami x Tito Height Adjustable Sit Stand Table - W1500 - Black Legs, Lami x Tito Height Adjustable Sit Stand Table - W1500 - White Legs, Lami x Tito Height Adjustable Sit Stand Table - W1800 - Black Legs, Lami x Tito Height Adjustable Sit Stand Table - W1800 - White Legs, Leon Training Armchair w/ Castors (Nestable), Madeline Foldable Portable Table - W1500, Madeline Foldable Portable Table - W1800, Pash Rect Folding Seminar Table - W1800 (Nestable), Rib L-Shaped Acoustic Screen - PET, Stellar Highback Office Chair - Black, Stellar Highback Office Chair - White, Stellar Midback Office Chair - Black, Stellar Midback Office Chair - White, Velo Dual-Sided Height Adjustable Sit Stand Table - W1400, Yuti Training Side Chair w/ Castors (Nestable)",True
https://karladubois.com/products/wooster-convertible-crib,,False
https://brownsquirrelfurniture.com/furniture/rest-bedrooms/rest-beds/sleep-queen/products/laurel-sleigh/,,False
https://viesso.com/products/haru-bed,"Accent Dining Table, Bok Dining Chair, Arc Coffee Table, Astrid Bedroom Collection - King",True
https://floydhome.com/products/the-floyd-hat,,True
https://www.mybudgetfurniture.com/products/3pc-sectional,,False
https://www.fiveelementsfurniture.com/collections/sola-office-collection/products/sola-lift-desk,,True
https://www.fads.co.uk/products/living/sofas/sofa-beds/,Sofa Beds,True
https://test-danish-inspirations.pantheonsite.io/products/products/bedroom/page/3/,,False
https://www.hipvan.com/products/sleep-mattress?ref=nav_dropdown,SLEEP Mattress,True
https://dev-danish-inspirations.pantheonsite.io/products/products/bedroom/page/3/,,False
https://houseofhollingsworthblog.com/products/locker,,False
https://www.wardrobe-bunk-bed-sofa.uk/products/wardrobe-ava-4-3,,False
https://dwell.co.uk/products/sleep/type/bed/,,False
https://www.hopewells.co.uk/products/living-dining/sofas-chairs/tetrad/tetrad-patna-chair,,True
https://kokocollective.com.au/products/esme-natural-rattan-day-bed,Esme Natural Rattan Day Bed,True
https://www.timothyoulton.com/products/living/sectional-sofas,,False
https://www.warmnordic.com/global/products/news,,True
https://www.royaloakfurniture.co.uk/products/pop-bench,Arncliffe Pop Bench,True
https://mulamu.com/products/membership,,True
http://www.genesisfurniturelv.com/products/,,False
https://daufurniture.com/products/style/transitional/dana-upholstered-bed/,,False
https://www.waynesfinefurnitureandbedding.com/search/products/?s=power+recliners&pp=120,,False
https://theodores.com/products/,Modern Furniture Washington DC - Cantoni,True
https://www.theoakfurnitureshop.com/products/country-trend-solid-oak-tv-stand-51/,,False
https://totalpatioaccessories.com/products/product07,,True
https://www.groensfinefurniture.com/products/Miscellaneous/misc/394554.html,,False
https://yesterdaystreefurniture.com/products/gifts/,,False
https://www.jensen-lewis.com/products/guardsman-gold-complete-plan,Guardsman Gold Complete Plus Plan,True
https://www.popandscott.com/products/raffia-sun,,False
https://shophorne.com/products/sarpaneva-cast-iron-casserole,"Open Box - Forma Wool Rug - Large / Off-White, Open Box - Harvest Wall Rug - Small, Open Box - Moor Cushion - Off White, Open Box - Oval Aluminum Bulkhead Light - Painted Silver/Without Guard, Open Box - Agapé Wall Candle Holder, Open Box - Mist Cotton Pad Holder - Emerald Off-White, Gubi, Herman Miller®, RS Barcelona, Muuto, Louis Poulsen, Audo Copenhagen, Alas Bowl - Large, Alas Bowl - Small, Antila Watering Can, Apple Money Bank, Apple Tufted Rug, Atura Dining Table - 160 x 90",True
https://cultdesign.co.nz/products/molloy-chair,Molloy Chair,True
https://www.gloster.com/en/products/materials/teak,Outdoor Furniture Materials - Teak Collections - Gloster,True
https://thebrick.com/products/tacoma-chest,,False
https://capsulehome.com/products/frey-sofa'%3EFrey%20Sofa%3C/a%3E%20and%20I%20wanted%20to%20share%20it%20with%20you,,False
https://www.altamodafurniture.com/products/Woodworks/ca_ww/3701npt.html,,False
https://www.normann-copenhagen.com/en/en/products/tivoli/lamps/toli-lamp--20-cm-eu-5005028,,False
https://www.gowfb.com/products/patio-set-covers,,False
https://allwoodfurn.com/products/group-119-rustic-two-tone-gathering-table-and-barstools,Group #119 Rustic Two Tone Gathering Table and Barstools,True
https://decorum-shop.co.uk/products/gift-card-10-25-50-100,,False
https://lostine.com/products/jack-chairs,Jack Leather and Wood Stool - Tan,True
https://designkollective.com/stores/woodlandcreek/products/76623,,False
https://www.somedaydesigns.co.uk/products/muuto-tip-lamp?variant=513748041743," Wall Lamp, Floor Lamp, muuto tip table lamp black ",True
https://www.mainecottage.com/collections/workspace/products/big-cay-desk,Big Cay Desk,True
https://pawleysislandhammocks.com/products/swings/rope,,True
https://homeresource.com/products/series-7-chair&media=http://cdn.shopify.com/s/files/1/1170/0268/products/Series-7-ann-1423601841_1024x1024.jpeg&description=Series%207%20Chair%20%23Chairs,,True
https://www.antoninimodernliving.com/products/,Collections,True
https://www.shorehousefurniture.com/products/Rowe-Furniture/rowe/c396sect.html,,False
https://www.jandjtreasuretrove.net/apps/webstore/products/show/8098794,,False
https://www.idcmn.com/products/sun-company-861013-queen-bed&source=webclient,,False
https://calligarisla.com/products/living/sofas/metro/minimal-and-contemporary-modular-sofa,,False
https://stealasofa.com/products/isla-gray-fabric-sectional-sofa-4249,,False
https://urbanfurnishing.net/products/5a-rio,,True
https://vancouverwoodworks.com/products/aamerica-wslcb5091,"Wood Bedroom Furniture, Wood Office Furniture, Wood Living Room Furniture, Wood Dining Room Furniture, A-America - Westlake Queen Storage Bed",True
https://www.kannoa.com/products/lipa-barstool,Lipa Barstool,True
https://furnitureoutletnc.com/products/deluxe-full-mattress,Furniture Outlet of Wilmington,True
https://www.furnituremarts.com/products/gallery-home.aspx,,False
https://osmen.com.au/products/customize-cushion,"Clearwater Beach 5 Pc Outdoor Modular Lounge Setting, Kiama 4 Pc Outdoor Lounge Setting, Silver Shell 5 Pieces Outdoor Lounge Setting - Beige, Poppy High-back Folding Chair, Cape Town Lounge 4PC Set, Iris Carver Chair, Hobart Privacy Screen – Outdoor Divider on Wheels 159 - White, Condor 5 Pc Outdoor Lounge Setting | 3 Seater Version | Black, South Beach 4 Pc Outdoor Lounge Setting - Dark Grey + Dark Grey, South Beach 4 Pc Outdoor Lounge Setting - Red + Dark Grey, South Beach 4 Pc Outdoor Lounge Setting - Red + Light Grey, Albury 3 Pc Outdoor Lounge Setting, Pisa 3 Pc Outdoor Lounge Setting, Amy 4 Pc Outdoor Lounge Setting, Augusta Carver Chair, Whale Outdoor Extension Table Charcoal, Whale Outdoor Extension Table White, Captiva Extension Dining Table 220/280/340 | White & Charcoal | Ceramic Glass, Clearwater Beach Double Sun Lounge, Diamond 4 Pc Outdoor Lounge Setting - Black, Diamond Carver Chair - Black, Diamond Carver Chair - White, Diamond 4 Pc Outdoor Lounge Setting - White",True
https://www.stevenshellliving.com/products/piccolo-jug,,False
https://www.thefurnituremegastore.co.uk/products/noir-80x180-cm-wall-mirror,,True
https://contempoconcepts.com/products/winndom-berkeley-iii?_pos=1&_sid=362e09ca2&_ss=r,,False
https://eurolivingfurniture.com/products/746-writing-desk,"Ricardo Fabric Sectional, MALTA BEDROOM COLLECTION - Euro Living Furniture, CUBANO SLEEPER LOVESEAT - Euro Living Furniture, Hanna Dining Table Set - Table + 4 Chairs - Euro Living Furniture, Merida Fabric Power Sectional - Euro Living Furniture, Blanche Accent Chair - Euro Living Furniture",True
https://www.efurnitureny.com/products/wardrobes-and-closets/wardrobe-closet-and-armoires,Wardrobes and Closets / Wardrobe Closet and Armoires category Products,True
https://sarahellison.com.au/collections/all/products/muse,,False
https://oakspecialists.com/products/bedroom/beds/63/,,False
https://midinmod.com/products/vendetta-bookcase%20via%20@https://twitter.com/midinmod?lang=en,,False
https://www.unclaimed-furniture.com/products/Standard-Furniture/stand/11406.html,,False
http://www.kis-lv.com/Products/products.html,,False
https://wayborn.com/products/,,False
https://www.bovafurniture.com/products/office/desks/page/2/,,False
https://hauslondon.com/products/gift-card,Gift Card,True
https://allworldfurniture.com/products/sallie-stool&via=http://www.twitter.com/alworldfurnitur&text=Euro%20Style%20Sallie%20Accent%20Stool,,True
https://decorium.us/products/costa-adjustable-barstool,,False
https://www.softsquare.com/collections/usm-haller/products/usm-haller-media-o1,"side table O118 | USM Haller - Metal: USM Pure White .24, side table O118 | USM Haller - Metal: USM Anthracite .33, side table O118 | USM Haller - Metal: USM Graphite Black .30, side table O118 | USM Haller - Metal: USM Steel Blue .34, side table O118 | USM Haller - Metal: USM Golden Yellow .25, side table O118 | USM Haller - Metal: USM Beige .31",True
https://www.rockymountain.furniture/products/jofran/15003.html,,False
https://www.statewidefurniture.com/products/Ashley-Furniture/ashley/1010494.html,,False
https://huckandpeck.com/products/gift-card,,False
https://najarianfurniture.com/products/roma-sofa-pebble,,False
https://qualitywoods.com/products/qw-amish-mckee-6pc-dining-set?variant=31793708105810,QW Amish McKee 6pc Dining Set,True
https://mybossfurniture.com/products/tullis-2&via=&text=Tullis%20Cream/Navy/Gray%20Medium%20Rug,,False
https://www.furnish123quadcities.com/search/products/?s=36505,,True
https://americanbackyard.com/products/gift-card,Gift Card,True
https://www.roccityfurniture.com/products/abney-4pc-set/,,False
https://www.sutherlandfurniture.com/collections/quick-ship/products/franck-sofa-quickship,,True
https://craftassociatesfurniture.com/products/craft-associates-wool-lounge-chairs-1519,"Craft Associates® Modern Wing Chairs - Large - 1407, Vadar Leather Wing Chair - 1407, Craft Modern Grey Mohair Arm Chair - 1407, Wooly Modern Arm Chair in Wool - 1407",True
https://huset-shop.com/products/gift-card,"Gift Card - $25.00, Gift Card - $50.00, Gift Card - $100.00, Gift Card - $250.00, Gift Card - $500.00",True
